gender,avg_spend,total_spend,max_spend,min_spend
Female,2525.2536232807297,150207136.01998436,26250,5.23
Male,2534.050237148079,101298658.22999445,26250,5.23
